{
  "XGBoost": {
    "accuracy": 0.7484148733357242,
    "precision": 0.3208663036504516,
    "recall": 0.37851501096469947,
    "f1_score": 0.34731471918515616
  },
  "Logistic_Regression": {
    "accuracy": 0.5462101959465373,
    "precision": 0.22562943066487598,
    "recall": 0.6439189582565158,
    "f1_score": 0.3341667233170432
  }
}