{
  "XGBoost": {
    "accuracy": 0.818443581502537,
    "precision": 0.44075256753257963,
    "recall": 0.09910923945739293,
    "f1_score": 0.16182901324545282
  },
  "Logistic_Regression": {
    "accuracy": 0.5462101959465373,
    "precision": 0.22562943066487598,
    "recall": 0.6439189582565158,
    "f1_score": 0.3341667233170432
  }
}